,tweet_id,in_reply_to_status_id,in_reply_to_user_id,timestamp,source,text,retweeted_status_id,retweeted_status_user_id,retweeted_status_timestamp,expanded_urls,rating_numerator,rating_denominator,name,doggo,floofer,pupper,puppo,dog_stage,probable_breed
0,888202515573088257,,,2017-07-21 01:02:36,Twitter for iPhone,RT @dog_rates: This is Canela. She attempted some fancy porch pics. They were unsuccessful. 13/10 someone help her https://t.co/cLyzpcUcMX,8.874739571039519e+17,4196983835.0,2017-07-19 00:47:34 +0000,"https://twitter.com/dog_rates/status/887473957103951883/photo/1,https://twitter.com/dog_rates/status/887473957103951883/photo/1,https://twitter.com/dog_rates/status/887473957103951883/photo/1,https://twitter.com/dog_rates/status/887473957103951883/photo/1",13,10,Canela,,,,,,Pembroke
1,886054160059072513,,,2017-07-15 02:45:48,Twitter for iPhone,RT @Athletics: 12/10 #BATP https://t.co/WxwJmvjfxo,8.860537344211026e+17,19607400.0,2017-07-15 02:44:07 +0000,"https://twitter.com/dog_rates/status/886053434075471873,https://twitter.com/dog_rates/status/886053434075471873",12,10,,,,,,,
2,885311592912609280,,,2017-07-13 01:35:06,Twitter for iPhone,RT @dog_rates: This is Lilly. She just parallel barked. Kindly requests a reward now. 13/10 would pet so well https://t.co/SATN4If5H5,8.305833205850685e+17,4196983835.0,2017-02-12 01:04:29 +0000,"https://twitter.com/dog_rates/status/830583320585068544/photo/1,https://twitter.com/dog_rates/status/830583320585068544/photo/1,https://twitter.com/dog_rates/status/830583320585068544/photo/1,https://twitter.com/dog_rates/status/830583320585068544/photo/1",13,10,Lilly,,,,,,Labrador Retriever
3,879130579576475649,,,2017-06-26 00:13:58,Twitter for iPhone,RT @dog_rates: This is Emmy. She was adopted today. Massive round of pupplause for Emmy and her new family. 14/10 for all involved https://…,8.780576130401157e+17,4196983835.0,2017-06-23 01:10:23 +0000,"https://twitter.com/dog_rates/status/878057613040115712/photo/1,https://twitter.com/dog_rates/status/878057613040115712/photo/1",14,10,Emmy,,,,,,
4,878404777348136964,,,2017-06-24 00:09:53,Twitter for iPhone,"RT @dog_rates: Meet Shadow. In an attempt to reach maximum zooming borkdrive, he tore his ACL. Still 13/10 tho. Help him out below

https:/…",8.782815110064783e+17,4196983835.0,2017-06-23 16:00:04 +0000,"https://www.gofundme.com/3yd6y1c,https://twitter.com/dog_rates/status/878281511006478336/photo/1",13,10,Shadow,,,,,,
5,878316110768087041,,,2017-06-23 18:17:33,Twitter for iPhone,RT @dog_rates: Meet Terrance. He's being yelled at because he stapled the wrong stuff together. 11/10 hang in there Terrance https://t.co/i…,6.690003974455337e+17,4196983835.0,2015-11-24 03:51:38 +0000,https://twitter.com/dog_rates/status/669000397445533696/photo/1,11,10,Terrance,,,,,,
6,877611172832227328,,,2017-06-21 19:36:23,Twitter for iPhone,RT @rachel2195: @dog_rates the boyfriend and his soaking wet pupper h*cking love his new hat 14/10 https://t.co/dJx4Gzc50G,8.76850772322988e+17,512804507.0,2017-06-19 17:14:49 +0000,"https://twitter.com/rachel2195/status/876850772322988033/photo/1,https://twitter.com/rachel2195/status/876850772322988033/photo/1,https://twitter.com/rachel2195/status/876850772322988033/photo/1,https://twitter.com/rachel2195/status/876850772322988033/photo/1",14,10,,,,pupper,,Pupper,Irish Setter
7,874434818259525634,,,2017-06-13 01:14:41,Twitter for iPhone,RT @dog_rates: This is Coco. At first I thought she was a cloud but clouds don't bork with such passion. 12/10 would hug softly https://t.c…,8.663349647612027e+17,4196983835.0,2017-05-21 16:48:45 +0000,"https://twitter.com/dog_rates/status/866334964761202691/photo/1,https://twitter.com/dog_rates/status/866334964761202691/photo/1",12,10,Coco,,,,,,
8,873697596434513921,,,2017-06-11 00:25:14,Twitter for iPhone,RT @dog_rates: This is Walter. He won't start hydrotherapy without his favorite floatie. 14/10 keep it pup Walter https://t.co/r28jFx9uyF,8.688803978194944e+17,4196983835.0,2017-05-28 17:23:24 +0000,"https://twitter.com/dog_rates/status/868880397819494401/photo/1,https://twitter.com/dog_rates/status/868880397819494401/photo/1",14,10,Walter,,,,,,French Bulldog
9,873337748698140672,,,2017-06-10 00:35:19,Twitter for iPhone,"RT @dog_rates: This is Sierra. She's one precious pupper. Absolute 12/10. Been in and out of ICU her whole life. Help Sierra below

https:/…",8.732137756329779e+17,4196983835.0,2017-06-09 16:22:42 +0000,"https://www.gofundme.com/help-my-baby-sierra-get-better,https://twitter.com/dog_rates/status/873213775632977920/photo/1,https://twitter.com/dog_rates/status/873213775632977920/photo/1",12,10,Sierra,,,pupper,,Pupper,
10,872668790621863937,,,2017-06-08 04:17:07,Twitter for iPhone,"RT @loganamnosis: Penelope here is doing me quite a divertir. Well done, @dog_rates! Loving the pupdate. 14/10, je jouerais de nouveau. htt…",8.726575842595512e+17,154767397.0,2017-06-08 03:32:35 +0000,https://twitter.com/loganamnosis/status/872657584259551233/photo/1,14,10,,,,,,,
11,871166179821445120,,,2017-06-04 00:46:17,Twitter for iPhone,RT @dog_rates: This is Dawn. She's just checking pup on you. Making sure you're doing okay. 12/10 she's here if you need her https://t.co/X…,8.41077006473257e+17,4196983835.0,2017-03-13 00:02:39 +0000,https://twitter.com/dog_rates/status/841077006473256960/photo/1,12,10,Dawn,,,,,,
12,869988702071779329,,,2017-05-31 18:47:24,Twitter for iPhone,RT @dog_rates: We only rate dogs. This is quite clearly a smol broken polar bear. We'd appreciate if you only send dogs. Thank you... 12/10…,8.591969789027738e+17,4196983835.0,2017-05-02 00:04:57 +0000,https://twitter.com/dog_rates/status/859196978902773760/video/1,12,10,,,,,,,
13,868639477480148993,,,2017-05-28 01:26:04,Twitter for iPhone,"RT @dog_rates: Say hello to Cooper. His expression is the same wet or dry. Absolute 12/10 but Coop desperately requests your help

https://…",8.685522785248379e+17,4196983835.0,2017-05-27 19:39:34 +0000,"https://www.gofundme.com/3ti3nps,https://twitter.com/dog_rates/status/868552278524837888/photo/1,https://twitter.com/dog_rates/status/868552278524837888/photo/1",12,10,Cooper,,,,,,
14,867072653475098625,,,2017-05-23 17:40:04,Twitter for iPhone,RT @rachaeleasler: these @dog_rates hats are 13/10 bean approved https://t.co/nRCdq4g9gG,8.650134204453683e+17,7.874617784352891e+17,2017-05-18 01:17:25 +0000,"https://twitter.com/rachaeleasler/status/865013420445368320/photo/1,https://twitter.com/rachaeleasler/status/865013420445368320/photo/1,https://twitter.com/rachaeleasler/status/865013420445368320/photo/1,https://twitter.com/rachaeleasler/status/865013420445368320/photo/1",13,10,,,,,,,Blenheim Spaniel
15,866816280283807744,,,2017-05-23 00:41:20,Twitter for iPhone,"RT @dog_rates: This is Jamesy. He gives a kiss to every other pupper he sees on his walk. 13/10 such passion, much tender https://t.co/wk7T…",8.664507055314575e+17,4196983835.0,2017-05-22 00:28:40 +0000,"https://twitter.com/dog_rates/status/866450705531457537/photo/1,https://twitter.com/dog_rates/status/866450705531457537/photo/1",13,10,Jamesy,,,pupper,,Pupper,
16,866094527597207552,,,2017-05-21 00:53:21,Twitter for iPhone,"RT @dog_rates: Here's a pupper before and after being asked ""who's a good girl?"" Unsure as h*ck. 12/10 hint hint it's you https://t.co/ORiK…",8.378201676945285e+17,4196983835.0,2017-03-04 00:21:08 +0000,"https://twitter.com/dog_rates/status/837820167694528512/photo/1,https://twitter.com/dog_rates/status/837820167694528512/photo/1",12,10,,,,pupper,,Pupper,
17,863471782782697472,,,2017-05-13 19:11:30,Twitter for iPhone,"RT @dog_rates: Say hello to Quinn. She's quite the goofball. Not even a year old. Confirmed 13/10 but she really needs your help 

https://…",8.630624715311677e+17,4196983835.0,2017-05-12 16:05:02 +0000,"https://www.gofundme.com/helpquinny,https://twitter.com/dog_rates/status/863062471531167744/photo/1,https://twitter.com/dog_rates/status/863062471531167744/photo/1,https://twitter.com/dog_rates/status/863062471531167744/photo/1,https://twitter.com/dog_rates/status/863062471531167744/photo/1",13,10,Quinn,,,,,,
18,861769973181624320,,,2017-05-09 02:29:07,Twitter for iPhone,"RT @dog_rates: ""Good afternoon class today we're going to learn what makes a good boy so good"" 13/10 https://t.co/f1h2Fsalv9",8.06629075125203e+17,4196983835.0,2016-12-07 22:38:52 +0000,"https://twitter.com/dog_rates/status/806629075125202948/photo/1,https://twitter.com/dog_rates/status/806629075125202948/photo/1,https://twitter.com/dog_rates/status/806629075125202948/photo/1,https://twitter.com/dog_rates/status/806629075125202948/photo/1",13,10,,,,,,,Cocker Spaniel
19,860981674716409858,,,2017-05-06 22:16:42,Twitter for iPhone,"RT @dog_rates: Meet Lorenzo. He's an avid nifty hat wearer and absolute 13/10, but he needs your help to beat cancer. Link below

https://t…",8.605637731402097e+17,4196983835.0,2017-05-05 18:36:06 +0000,"https://www.gofundme.com/help-lorenzo-beat-cancer,https://twitter.com/dog_rates/status/860563773140209665/photo/1,https://twitter.com/dog_rates/status/860563773140209665/photo/1",13,10,Lorenzo,,,,,,
20,860924035999428608,,,2017-05-06 18:27:40,Twitter for iPhone,RT @tallylott: h*ckin adorable promposal. 13/10 @dog_rates https://t.co/6n8hzNihJ9,8.609144852504699e+17,363890752.0,2017-05-06 17:49:42 +0000,"https://twitter.com/tallylott/status/860914485250469888/photo/1,https://twitter.com/tallylott/status/860914485250469888/photo/1,https://twitter.com/tallylott/status/860914485250469888/photo/1,https://twitter.com/tallylott/status/860914485250469888/photo/1",13,10,,,,,,,
21,860177593139703809,,,2017-05-04 17:01:34,Twitter for iPhone,RT @dog_rates: Ohboyohboyohboyohboyohboyohboyohboyohboyohboyohboyohboyohboyohboyohboyohboy. 10/10 for all (by happytailsresort) https://t.c…,7.616729943768064e+17,4196983835.0,2016-08-05 21:19:27 +0000,https://twitter.com/dog_rates/status/761672994376806400/video/1,10,10,,,,,,,
22,858860390427611136,,,2017-05-01 01:47:28,Twitter for iPhone,"RT @dog_rates: Meet Winston. He knows he's a little too big for the swing, but he doesn't care. Kindly requests a push. 12/10 would happily…",8.395493263596708e+17,4196983835.0,2017-03-08 18:52:12 +0000,https://twitter.com/dog_rates/status/839549326359670784/photo/1,12,10,Winston,,,,,,
23,857062103051644929,,,2017-04-26 02:41:43,Twitter for iPhone,RT @AaronChewning: First time wearing my @dog_rates hat on a flight and I get DOUBLE OPEN ROWS. Really makes you think. 13/10 https://t.co/…,8.57061112319234e+17,58709723.0,2017-04-26 02:37:47 +0000,https://twitter.com/AaronChewning/status/857061112319234050/photo/1,13,10,,,,,,,
24,856602993587888130,,,2017-04-24 20:17:23,Twitter for iPhone,RT @dog_rates: This is Luna. It's her first time outside and a bee stung her nose. Completely h*ckin uncalled for. 13/10 where's the bee I…,8.44704788403114e+17,4196983835.0,2017-03-23 00:18:10 +0000,https://twitter.com/dog_rates/status/844704788403113984/photo/1,13,10,Luna,,,,,,
25,855245323840757760,,,2017-04-21 02:22:29,Twitter for iPhone,RT @dog_rates: Meet George. He looks slightly deflated but overall quite powerful. Not sure how that human restrained him. 12/10 would snug…,8.421635325903749e+17,4196983835.0,2017-03-16 00:00:07 +0000,"https://twitter.com/dog_rates/status/842163532590374912/photo/1,https://twitter.com/dog_rates/status/842163532590374912/photo/1",12,10,George,,,,,,
26,855138241867124737,,,2017-04-20 19:16:59,Twitter for iPhone,RT @frasercampbell_: oh my... what's that... beautiful scarf around your neck... 14/10 a h*ckin good dog in a h*ckin good game @GoodDogsGam…,8.551225332674601e+17,7.475543444348314e+17,2017-04-20 18:14:33 +0000,https://twitter.com/frasercampbell_/status/855122533267460096/photo/1,14,10,,,,,,,
27,852936405516943360,,,2017-04-14 17:27:40,Twitter for iPhone,"RT @dog_rates: I usually only share these on Friday's, but this is Blue. He's a very smoochable pooch who needs your help. 13/10

https://t…",8.316500515250545e+17,4196983835.0,2017-02-14 23:43:18 +0000,"http://www.gofundme.com/bluethewhitehusky,https://twitter.com/dog_rates/status/831650051525054464/photo/1,https://twitter.com/dog_rates/status/831650051525054464/photo/1,https://twitter.com/dog_rates/status/831650051525054464/photo/1,https://twitter.com/dog_rates/status/831650051525054464/photo/1",13,10,,,,,,,
28,851953902622658560,,,2017-04-12 00:23:33,Twitter for iPhone,RT @dog_rates: This is Astrid. She's a guide doggo in training. 13/10 would follow anywhere https://t.co/xo7FZFIAao,8.29374341691347e+17,4196983835.0,2017-02-08 17:00:26 +0000,"https://twitter.com/dog_rates/status/829374341691346946/photo/1,https://twitter.com/dog_rates/status/829374341691346946/photo/1,https://twitter.com/dog_rates/status/829374341691346946/photo/1,https://twitter.com/dog_rates/status/829374341691346946/photo/1",13,10,Astrid,doggo,,,,Doggo,Staffordshire Bullterrier
29,851861385021730816,,,2017-04-11 18:15:55,Twitter for iPhone,RT @eddie_coe98: Thanks @dog_rates completed my laptop. 10/10 would buy again https://t.co/bO0rThDlXI,8.482893821761004e+17,341021133.0,2017-04-01 21:42:03 +0000,"https://twitter.com/eddie_coe98/status/848289382176100353/photo/1,https://twitter.com/eddie_coe98/status/848289382176100353/photo/1",10,10,,,,,,,
30,849668094696017920,,,2017-04-05 17:00:34,Twitter for iPhone,RT @dog_rates: This is Gidget. She's a spy pupper. Stealthy as h*ck. Must've slipped pup and got caught. 12/10 would forgive then pet https…,8.331246945974436e+17,4196983835.0,2017-02-19 01:23:00 +0000,"https://twitter.com/dog_rates/status/833124694597443584/photo/1,https://twitter.com/dog_rates/status/833124694597443584/photo/1,https://twitter.com/dog_rates/status/833124694597443584/photo/1",12,10,Gidget,,,pupper,,Pupper,
31,847978865427394560,,,2017-04-01 01:08:10,Twitter for iPhone,RT @dog_rates: This is Charlie. He fell asleep on a heating vent. Would puppreciate your assistance. 11/10 someone help Charlie https://t.c…,8.323698773316936e+17,4196983835.0,2017-02-16 23:23:38 +0000,https://twitter.com/dog_rates/status/832369877331693569/photo/1,11,10,Charlie,,,,,,
32,847971574464610304,,,2017-04-01 00:39:12,Twitter for iPhone,RT @basic_vacek_: I love my new mug easy 13/10 @dog_rates https://t.co/0bYtoL7Wwt,8.47971000004354e+17,597064155.0,2017-04-01 00:36:55 +0000,"https://twitter.com/basic_vacek_/status/847971000004354048/photo/1,https://twitter.com/basic_vacek_/status/847971000004354048/photo/1",13,10,,,,,,,
33,845459076796616705,,,2017-03-25 02:15:26,Twitter for iPhone,RT @dog_rates: Here's a heartwarming scene of a single father raising his two pups. Downright awe-inspiring af. 12/10 for everyone https://…,7.562885340304753e+17,4196983835.0,2016-07-22 00:43:32 +0000,"https://twitter.com/dog_rates/status/756288534030475264/photo/1,https://twitter.com/dog_rates/status/756288534030475264/photo/1,https://twitter.com/dog_rates/status/756288534030475264/photo/1,https://twitter.com/dog_rates/status/756288534030475264/photo/1",12,10,,,,,,,
34,845098359547420673,,,2017-03-24 02:22:04,Twitter for iPhone,RT @dog_rates: This is Bungalo. She uses that face to get what she wants. It works unbelievably well. 12/10 would never say no to https://t…,7.733088242540298e+17,4196983835.0,2016-09-06 23:56:05 +0000,https://twitter.com/dog_rates/status/773308824254029826/photo/1,12,10,Bungalo,,,,,,
35,842892208864923648,,,2017-03-18 00:15:37,Twitter for iPhone,RT @dog_rates: This is Stephan. He just wants to help. 13/10 such a good boy https://t.co/DkBYaCAg2d,8.071068405092147e+17,4196983835.0,2016-12-09 06:17:20 +0000,"https://twitter.com/dog_rates/status/807106840509214720/video/1,https://twitter.com/dog_rates/status/807106840509214720/video/1",13,10,Stephan,,,,,,Chihuahua
36,841833993020538882,,,2017-03-15 02:10:39,Twitter for iPhone,RT @dog_rates: This is Ken. His cheeks are magic. 13/10 (IG: ken_shiba) https://t.co/btzf1zTDeQ,8.174238601360835e+17,4196983835.0,2017-01-06 17:33:29 +0000,"https://twitter.com/dog_rates/status/817423860136083457/video/1,https://twitter.com/dog_rates/status/817423860136083457/video/1",13,10,Ken,,,,,,Samoyed
37,840761248237133825,,,2017-03-12 03:07:56,Twitter for iPhone,"RT @dog_rates: Say hello to Maddie and Gunner. They are considerably pupset about bath time. Both 12/10 but Gunner needs your help

https:/…",8.406323370628628e+17,4196983835.0,2017-03-11 18:35:42 +0000,"https://www.gofundme.com/3hgsuu0,https://twitter.com/dog_rates/status/840632337062862849/photo/1",12,10,Maddie,,,,,,
38,840728873075638272,,,2017-03-12 00:59:17,Twitter for iPhone,RT @dog_rates: This is Pipsy. He is a fluffball. Enjoys traveling the sea &amp; getting tangled in leash. 12/10 I would kill for Pipsy https://…,6.671521640794235e+17,4196983835.0,2015-11-19 01:27:25 +0000,https://twitter.com/dog_rates/status/667152164079423490/photo/1,12,10,Pipsy,,,,,,
39,839290600511926273,,,2017-03-08 01:44:07,Twitter for iPhone,RT @alexmartindawg: THE DRINK IS DR. PUPPER 10/10 good pun @matt___nelson @GoodDogsGame https://t.co/act3duiqbL,8.392899192982241e+17,41198418.0,2017-03-08 01:41:24 +0000,"https://twitter.com/alexmartindawg/status/839289919298224128/photo/1,https://twitter.com/alexmartindawg/status/839289919298224128/photo/1,https://twitter.com/alexmartindawg/status/839289919298224128/photo/1,https://twitter.com/alexmartindawg/status/839289919298224128/photo/1",10,10,,,,pupper,,Pupper,
40,838916489579200512,,,2017-03-07 00:57:32,Twitter for iPhone,RT @KibaDva: I collected all the good dogs!! 15/10 @dog_rates #GoodDogs https://t.co/6UCGFczlOI,8.3890598062882e+17,811740824.0,2017-03-07 00:15:46 +0000,"https://twitter.com/KibaDva/status/838905980628819968/photo/1,https://twitter.com/KibaDva/status/838905980628819968/photo/1,https://twitter.com/KibaDva/status/838905980628819968/photo/1,https://twitter.com/KibaDva/status/838905980628819968/photo/1",15,10,,,,,,,
41,838831947270979586,,,2017-03-06 19:21:35,Twitter for iPhone,RT @dog_rates: This is Riley. His owner put a donut pillow around him and he loves it so much he won't let anyone take it off. 13/10 https:…,7.838399664052306e+17,4196983835.0,2016-10-06 01:23:05 +0000,"https://twitter.com/dog_rates/status/783839966405230592/photo/1,https://twitter.com/dog_rates/status/783839966405230592/photo/1,https://twitter.com/dog_rates/status/783839966405230592/photo/1",13,10,Riley,,,,,,
42,838201503651401729,,,2017-03-05 01:36:26,Twitter for iPhone,RT @dog_rates: Meet Sunny. He can take down a polar bear in one fell swoop. Fr*cken deadly af. 13/10 would pet with caution https://t.co/EM…,8.207497168456868e+17,4196983835.0,2017-01-15 21:49:15 +0000,"https://twitter.com/dog_rates/status/820749716845686786/photo/1,https://twitter.com/dog_rates/status/820749716845686786/photo/1",13,10,Sunny,,,,,,
43,837012587749474308,,,2017-03-01 18:52:06,Twitter for iPhone,RT @KennyFromDaBlok: 14/10 h*ckin good hats. will wear daily @dog_rates https://t.co/rHLoU5gS30,8.370113446668124e+17,726634734.0,2017-03-01 18:47:10 +0000,"https://twitter.com/KennyFromDaBlok/status/837011344666812416/photo/1,https://twitter.com/KennyFromDaBlok/status/837011344666812416/photo/1",14,10,,,,,,,
44,836648853927522308,,,2017-02-28 18:46:45,Twitter for iPhone,"RT @SchafeBacon2016: @dog_rates Slightly disturbed by the outright profanity, but confident doggos were involved. 11/10, would tailgate aga…",8.366481490034852e+17,7.124572472347566e+17,2017-02-28 18:43:57 +0000,https://twitter.com/SchafeBacon2016/status/836648149003485187/photo/1,11,10,,,,,,,
45,836397794269200385,,,2017-02-28 02:09:08,Twitter for iPhone,RT @dog_rates: This is Buddy. He ran into a glass door once. Now he's h*ckin skeptical. 13/10 empowering af (vid by Brittany Gaunt) https:/…,8.178278394877379e+17,4196983835.0,2017-01-07 20:18:46 +0000,https://twitter.com/dog_rates/status/817827839487737858/video/1,13,10,Buddy,,,,,,
46,835685285446955009,,,2017-02-26 02:57:52,Twitter for iPhone,RT @dog_rates: This is Rory. He's got an interview in a few minutes. Looking spiffy af. Nervous as h*ck tho. 12/10 would hire https://t.co/…,7.869630643735347e+17,4196983835.0,2016-10-14 16:13:10 +0000,https://twitter.com/dog_rates/status/786963064373534720/photo/1,12,10,Rory,,,,,,
47,835536468978302976,,,2017-02-25 17:06:32,Twitter for iPhone,"RT @dog_rates: Meet Lola. Her hobbies include being precious af and using her foot as a toothbrush. 12/10 Lola requests your help

https://…",8.35264098648617e+17,4196983835.0,2017-02-24 23:04:14 +0000,"https://www.gofundme.com/lolas-life-saving-surgery-funds,https://twitter.com/dog_rates/status/835264098648616962/photo/1,https://twitter.com/dog_rates/status/835264098648616962/photo/1",12,10,Lola,,,,,,
48,835309094223372289,,,2017-02-25 02:03:02,Twitter for iPhone,RT @dog_rates: So this just changed my life. 13/10 please enjoy  https://t.co/dsv4xAtfv7,7.530398308215112e+17,4196983835.0,2016-07-13 01:34:21 +0000,"https://vine.co/v/5W2Dg3XPX7a,https://vine.co/v/5W2Dg3XPX7a",13,10,,,,,,,
49,834477809192075265,,,2017-02-22 18:59:48,Twitter for iPhone,RT @dog_rates: This is Leo. He was a skater pup. She said see ya later pup. He wasn't good enough for her. 12/10 you're good enough for me…,8.295019951909847e+17,4196983835.0,2017-02-09 01:27:41 +0000,"https://twitter.com/dog_rates/status/829501995190984704/photo/1,https://twitter.com/dog_rates/status/829501995190984704/photo/1",12,10,Leo,,,,,,
50,833732339549220864,,,2017-02-20 17:37:34,Twitter for iPhone,"RT @rolltidered: This is Gabby. Now requests to be referred to as a guide dog, thanks to @dog_rates and @ShopWeRateDogs. 12/10 in my book.…",8.324343582922097e+17,44667502.0,2017-02-17 03:39:51 +0000,https://twitter.com/rolltidered/status/832434358292209665/photo/1,12,10,Gabby,,,,,,
51,832769181346996225,,,2017-02-18 01:50:19,Twitter for iPhone,RT @EmilieGambril: 12/10 h*cking excited about my new shirt! @dog_rates https://t.co/zFEfMTaHqU,8.327663821985669e+17,487197737.0,2017-02-18 01:39:12 +0000,"https://twitter.com/EmilieGambril/status/832766382198566913/photo/1,https://twitter.com/EmilieGambril/status/832766382198566913/photo/1,https://twitter.com/EmilieGambril/status/832766382198566913/photo/1,https://twitter.com/EmilieGambril/status/832766382198566913/photo/1",12,10,,,,,,,
52,832215909146226688,,,2017-02-16 13:11:49,Twitter for iPhone,"RT @dog_rates: This is Logan, the Chow who lived. He solemnly swears he's up to lots of good. H*ckin magical af 9.75/10 https://t.co/yBO5wu…",7.867090828498289e+17,4196983835.0,2016-10-13 23:23:56 +0000,https://twitter.com/dog_rates/status/786709082849828864/photo/1,75,10,Logan,,,,,,
53,832215726631055365,,,2017-02-16 13:11:05,Twitter for iPhone,RT @dog_rates: This is Moreton. He's the Good Boy Who Lived. 13/10 magical as h*ck https://t.co/rLHGx3VAF3,7.932864763017994e+17,4196983835.0,2016-11-01 03:00:09 +0000,"https://twitter.com/dog_rates/status/793286476301799424/photo/1,https://twitter.com/dog_rates/status/793286476301799424/photo/1,https://twitter.com/dog_rates/status/793286476301799424/photo/1,https://twitter.com/dog_rates/status/793286476301799424/photo/1",13,10,Moreton,,,,,,Afghan Hound
54,832040443403784192,,,2017-02-16 01:34:34,Twitter for iPhone,RT @dog_rates: This is Klein. These pics were taken a month apart. He knows he's a stud now. 12/10 total heartthrob https://t.co/guDkLrX8zV,7.69940425801171e+17,4196983835.0,2016-08-28 16:51:16 +0000,"https://twitter.com/dog_rates/status/769940425801170949/photo/1,https://twitter.com/dog_rates/status/769940425801170949/photo/1,https://twitter.com/dog_rates/status/769940425801170949/photo/1,https://twitter.com/dog_rates/status/769940425801170949/photo/1",12,10,Klein,,,,,,Miniature Pinscher
55,830173239259324417,,,2017-02-10 21:54:58,Twitter for iPhone,RT @dog_rates: This is Kyro. He's a Stratocumulus Flop. Tongue ejects at random. Serious h*ckin condition. Still 12/10 would pet passionate…,8.09220051211604e+17,4196983835.0,2016-12-15 02:14:29 +0000,"https://twitter.com/dog_rates/status/809220051211603969/photo/1,https://twitter.com/dog_rates/status/809220051211603969/photo/1",12,10,Kyro,,,,,,
56,829878982036299777,,,2017-02-10 02:25:42,Twitter for iPhone,RT @dog_rates: This is Loki. He smiles like Elvis. Ain't nothin but a hound doggo. 12/10 https://t.co/QV5nx6otZR,8.269586533285929e+17,4196983835.0,2017-02-02 01:01:21 +0000,"https://twitter.com/dog_rates/status/826958653328592898/photo/1,https://twitter.com/dog_rates/status/826958653328592898/photo/1",12,10,Loki,doggo,,,,Doggo,Golden Retriever
57,828801551087042563,,,2017-02-07 03:04:22,Twitter for iPhone,"RT @dog_rates: This is Gus. He likes to be close to you, which is good because you want to be close to Gus. 12/10 would boop then pet https…",8.102541084311552e+17,4196983835.0,2016-12-17 22:43:27 +0000,https://twitter.com/dog_rates/status/810254108431155201/photo/1,12,10,Gus,,,,,,
58,827228250799742977,,,2017-02-02 18:52:38,Twitter for iPhone,RT @dog_rates: This is Phil. He's an important dog. Can control the seasons. Magical as hell. 12/10 would let him sign my forehead https://…,6.946697223784858e+17,4196983835.0,2016-02-02 23:52:22 +0000,"https://twitter.com/dog_rates/status/694669722378485760/photo/1,https://twitter.com/dog_rates/status/694669722378485760/photo/1",12,10,Phil,,,,,,
59,826615380357632002,,,2017-02-01 02:17:19,Twitter for iPhone,"RT @dog_rates: Please only send in dogs. We only rate dogs, not seemingly heartbroken ewoks. Thank you... still 10/10 would console https:/…",8.099207643004477e+17,4196983835.0,2016-12-17 00:38:52 +0000,https://twitter.com/dog_rates/status/809920764300447744/photo/1,10,10,,,,,,,
60,825120256414846976,,,2017-01-27 23:16:13,Twitter for iPhone,"RT @dog_rates: Say hello to Pablo. He's one gorgeous puppo. A true 12/10. Click the link to see why Pablo requests your assistance

https:/…",8.250265907194839e+17,4196983835.0,2017-01-27 17:04:02 +0000,"https://www.gofundme.com/my-puppys-double-cataract-surgery,https://twitter.com/dog_rates/status/825026590719483904/photo/1,https://twitter.com/dog_rates/status/825026590719483904/photo/1",12,10,Pablo,,,,puppo,Puppo,
61,824796380199809024,,,2017-01-27 01:49:15,Twitter for iPhone,RT @dog_rates: This is Bailey. She loves going down slides but is very bad at it. Still 11/10 https://t.co/ivPWhspN3E,7.950767302853919e+17,4196983835.0,2016-11-06 01:33:58 +0000,"https://twitter.com/dog_rates/status/795076730285391872/photo/1,https://twitter.com/dog_rates/status/795076730285391872/photo/1,https://twitter.com/dog_rates/status/795076730285391872/photo/1,https://twitter.com/dog_rates/status/795076730285391872/photo/1,https://twitter.com/dog_rates/status/795076730285391872/photo/1,https://twitter.com/dog_rates/status/795076730285391872/photo/1",11,10,Bailey,,,,,,
62,823719002937630720,,,2017-01-24 02:28:08,Twitter for iPhone,RT @dog_rates: This is Balto. He's very content. Legendary tongue slippage. 12/10 would pet forever https://t.co/T7Jr4Gw4sC,7.840579396403528e+17,4196983835.0,2016-10-06 15:49:14 +0000,"https://vine.co/v/5gKxeUpuKEr,https://vine.co/v/5gKxeUpuKEr",12,10,Balto,,,,,,
63,823269594223824897,,,2017-01-22 20:42:21,Twitter for iPhone,RT @dog_rates: We only rate dogs. Please don't send pics of men capturing low level clouds. Thank you... 11/10 https://t.co/rLi83ZyCL5,8.222448165201551e+17,4196983835.0,2017-01-20 00:50:15 +0000,"https://twitter.com/dog_rates/status/822244816520155136/photo/1,https://twitter.com/dog_rates/status/822244816520155136/photo/1",11,10,,,,,,,Samoyed
64,822647212903690241,,,2017-01-21 03:29:14,Twitter for iPhone,RT @dog_rates: This is Paisley. She really wanted to be president this time. Dreams officially crushed. 13/10 https://t.co/liJGwMp17E,8.224890570873897e+17,4196983835.0,2017-01-20 17:00:46 +0000,"https://twitter.com/dog_rates/status/822489057087389700/photo/1,https://twitter.com/dog_rates/status/822489057087389700/photo/1,https://twitter.com/dog_rates/status/822489057087389700/photo/1,https://twitter.com/dog_rates/status/822489057087389700/photo/1,https://twitter.com/dog_rates/status/822489057087389700/photo/1,https://twitter.com/dog_rates/status/822489057087389700/photo/1",13,10,Paisley,,,,,,Samoyed
65,822163064745328640,,,2017-01-19 19:25:24,Twitter for iPhone,RT @dog_rates: This is Mattie. She's extremely dangerous. Will bite your h*ckin finger right off. Still 11/10 would pet with caution https:…,7.862339652418273e+17,4196983835.0,2016-10-12 15:55:59 +0000,https://twitter.com/dog_rates/status/786233965241827333/photo/1,11,10,Mattie,,,,,,
66,821813639212650496,,,2017-01-18 20:16:54,Twitter for iPhone,RT @dog_rates: Meet Hercules. He can have whatever he wants for the rest of eternity. 12/10 would snug passionately https://t.co/mH0IOyFdIG,7.806013036177326e+17,4196983835.0,2016-09-27 02:53:48 +0000,"https://twitter.com/dog_rates/status/780601303617732608/photo/1,https://twitter.com/dog_rates/status/780601303617732608/photo/1",12,10,Hercules,,,,,,Saint Bernard
67,821421320206483457,,,2017-01-17 18:17:58,Twitter for iPhone,RT @dog_rates: This is Sampson. He just graduated. Ready to be a doggo now. Time for the real world. 12/10 have fun with taxes https://t.co…,7.82305867769217e+17,4196983835.0,2016-10-01 19:47:08 +0000,"https://twitter.com/dog_rates/status/782305867769217024/photo/1,https://twitter.com/dog_rates/status/782305867769217024/photo/1,https://twitter.com/dog_rates/status/782305867769217024/photo/1",12,10,Sampson,doggo,,,,Doggo,
68,820837357901512704,,,2017-01-16 03:37:31,Twitter for iPhone,RT @dog_rates: This is Finn. He's wondering if you come here often. Fr*ckin flirtatious af. 12/10 would give number to https://t.co/ii5eNX5…,8.192276884602388e+17,4196983835.0,2017-01-11 17:01:16 +0000,https://twitter.com/dog_rates/status/819227688460238848/photo/1,12,10,Finn,,,,,,
69,820494788566847489,,,2017-01-15 04:56:16,Twitter for iPhone,"RT @dog_rates: We are proud to support @LoveYourMelon on their mission to put a hat on every kid battling cancer. They are 14/10

https://t…",8.203146337770619e+17,4196983835.0,2017-01-14 17:00:24 +0000,"https://www.loveyourmelon.com/pages/ourstory,https://twitter.com/dog_rates/status/820314633777061888/photo/1,https://twitter.com/dog_rates/status/820314633777061888/photo/1,https://twitter.com/dog_rates/status/820314633777061888/photo/1",14,10,,,,,,,
70,820446719150292993,,,2017-01-15 01:45:15,Twitter for iPhone,RT @dog_rates: This is Peaches. She's the ultimate selfie sidekick. Super sneaky tongue slip appreciated. 13/10 https://t.co/pbKOesr8Tg,8.001414224018309e+17,4196983835.0,2016-11-20 00:59:15 +0000,"https://twitter.com/dog_rates/status/800141422401830912/photo/1,https://twitter.com/dog_rates/status/800141422401830912/photo/1,https://twitter.com/dog_rates/status/800141422401830912/photo/1,https://twitter.com/dog_rates/status/800141422401830912/photo/1,https://twitter.com/dog_rates/status/800141422401830912/photo/1,https://twitter.com/dog_rates/status/800141422401830912/photo/1",13,10,Peaches,,,,,,Golden Retriever
71,820013781606658049,,,2017-01-13 21:04:55,Twitter for iPhone,"RT @dog_rates: This is Oliver. He has dreams of being a service puppo so he can help his owner. 13/10 selfless af

make it happen:
https://…",8.199522364533637e+17,4196983835.0,2017-01-13 17:00:21 +0000,"https://www.gofundme.com/servicedogoliver,https://twitter.com/dog_rates/status/819952236453363712/photo/1",13,10,Oliver,,,,puppo,Puppo,
72,819015337530290176,,,2017-01-11 02:57:27,Twitter for iPhone,RT @dog_rates: This is Bo. He was a very good First Doggo. 14/10 would be an absolute honor to pet https://t.co/AdPKrI8BZ1,8.190048031079834e+17,4196983835.0,2017-01-11 02:15:36 +0000,"https://twitter.com/dog_rates/status/819004803107983360/photo/1,https://twitter.com/dog_rates/status/819004803107983360/photo/1,https://twitter.com/dog_rates/status/819004803107983360/photo/1,https://twitter.com/dog_rates/status/819004803107983360/photo/1,https://twitter.com/dog_rates/status/819004803107983360/photo/1,https://twitter.com/dog_rates/status/819004803107983360/photo/1,https://twitter.com/dog_rates/status/819004803107983360/photo/1,https://twitter.com/dog_rates/status/819004803107983360/photo/1",14,10,Bo,doggo,,,,Doggo,Standard Poodle
73,819015331746349057,,,2017-01-11 02:57:26,Twitter for iPhone,RT @dog_rates: This is Sunny. She was also a very good First Doggo. 14/10 would also be an absolute honor to pet https://t.co/YOC1fHFCSb,8.19006400881918e+17,4196983835.0,2017-01-11 02:21:57 +0000,"https://twitter.com/dog_rates/status/819006400881917954/photo/1,https://twitter.com/dog_rates/status/819006400881917954/photo/1,https://twitter.com/dog_rates/status/819006400881917954/photo/1,https://twitter.com/dog_rates/status/819006400881917954/photo/1,https://twitter.com/dog_rates/status/819006400881917954/photo/1,https://twitter.com/dog_rates/status/819006400881917954/photo/1,https://twitter.com/dog_rates/status/819006400881917954/photo/1,https://twitter.com/dog_rates/status/819006400881917954/photo/1",14,10,Sunny,doggo,,,,Doggo,
74,818646164899774465,,,2017-01-10 02:30:30,Twitter for iPhone,RT @dog_rates: This is Seamus. He's very bad at entering pools. Still a very good boy tho 11/10 https://t.co/hfi264QwYM,8.083448658682839e+17,4196983835.0,2016-12-12 16:16:49 +0000,"https://vine.co/v/5QWd3LZqXxd,https://vine.co/v/5QWd3LZqXxd",11,10,Seamus,,,,,,
75,818588835076603904,,,2017-01-09 22:42:41,Twitter for iPhone,RT @dog_rates: This is Chelsea. She forgot how to dog. 11/10 get it together pupper https://t.co/nBJ5RE4yHb,7.735475969965711e+17,4196983835.0,2016-09-07 15:44:53 +0000,"https://twitter.com/dog_rates/status/773547596996571136/photo/1,https://twitter.com/dog_rates/status/773547596996571136/photo/1",11,10,Chelsea,,,pupper,,Pupper,Norwegian Elkhound
76,818307523543449600,,,2017-01-09 04:04:51,Twitter for iPhone,RT @dog_rates: Meet Moose. He doesn't want his friend to go back to college. 13/10 looks like you're staying home John https://t.co/LIhmM7i…,8.164505708148982e+17,4196983835.0,2017-01-04 01:05:59 +0000,"https://twitter.com/dog_rates/status/816450570814898180/photo/1,https://twitter.com/dog_rates/status/816450570814898180/photo/1",13,10,Moose,,,,,,
77,817502432452313088,,,2017-01-06 22:45:43,Twitter for iPhone,RT @dog_rates: Meet Herschel. He's slightly bigger than ur average pupper. Looks lonely. Could probably ride 7/10 would totally pet https:/…,6.924173130233324e+17,4196983835.0,2016-01-27 18:42:06 +0000,https://twitter.com/dog_rates/status/692417313023332352/photo/1,7,10,Herschel,,,pupper,,Pupper,
78,817181837579653120,,,2017-01-06 01:31:47,Twitter for iPhone,RT @dog_rates: Here's a pupper with squeaky hiccups. Please enjoy. 13/10 https://t.co/MiMKtsLN6k,8.159660734094336e+17,4196983835.0,2017-01-02 17:00:46 +0000,"https://twitter.com/dog_rates/status/815966073409433600/video/1,https://twitter.com/dog_rates/status/815966073409433600/video/1",13,10,,,,pupper,,Pupper,Tibetan Mastiff
79,816829038950027264,,,2017-01-05 02:09:53,Twitter for iPhone,RT @dog_rates: This is Betty. She's assisting with the dishes. Such a good puppo. 12/10 h*ckin helpful af https://t.co/dgvTPZ9tgI,7.90946055508652e+17,4196983835.0,2016-10-25 16:00:09 +0000,"https://twitter.com/dog_rates/status/790946055508652032/photo/1,https://twitter.com/dog_rates/status/790946055508652032/photo/1",12,10,Betty,,,,puppo,Puppo,Golden Retriever
80,816062466425819140,,,2017-01-02 23:23:48,Twitter for iPhone,"RT @dog_rates: Meet Jack. He's one of the rare doggos that doesn't mind baths. 11/10 click the link to see how you can help Jack!

https://…",8.159907208174019e+17,4196983835.0,2017-01-02 18:38:42 +0000,"https://www.gofundme.com/surgeryforjacktheminpin,https://twitter.com/dog_rates/status/815990720817401858/photo/1",11,10,Jack,,,,,,
81,816014286006976512,,,2017-01-02 20:12:21,Twitter for iPhone,RT @dog_rates: This is Larry. He has no self control. Tongue still nifty af tho 11/10 https://t.co/ghyT4Ubk1r,7.320056171713372e+17,4196983835.0,2016-05-16 00:31:53 +0000,"https://twitter.com/dog_rates/status/732005617171337216/photo/1,https://twitter.com/dog_rates/status/732005617171337216/photo/1,https://twitter.com/dog_rates/status/732005617171337216/photo/1,https://twitter.com/dog_rates/status/732005617171337216/photo/1",11,10,Larry,,,,,,English Setter
82,815745968457060357,,,2017-01-02 02:26:09,Twitter for iPhone,RT @dog_rates: Say hello to Levi. He's a Madagascan Butterbop. One of the more docile Butterbops I've seen. 12/10 would give all the pets h…,7.914069556843684e+17,4196983835.0,2016-10-26 22:31:36 +0000,"https://twitter.com/dog_rates/status/791406955684368384/photo/1,https://twitter.com/dog_rates/status/791406955684368384/photo/1,https://twitter.com/dog_rates/status/791406955684368384/photo/1,https://twitter.com/dog_rates/status/791406955684368384/photo/1",12,10,Levi,,,,,,
83,814578408554463233,,,2016-12-29 21:06:41,Twitter for iPhone,RT @dog_rates: Meet Beau &amp; Wilbur. Wilbur stole Beau's bed from him. Wilbur now has so much room for activities. 9/10 for both pups https:/…,6.981954092195594e+17,4196983835.0,2016-02-12 17:22:12 +0000,https://twitter.com/dog_rates/status/698195409219559425/photo/1,9,10,Beau,,,,,,
84,813944609378369540,,,2016-12-28 03:08:11,Twitter for iPhone,RT @dog_rates: This is Bruce. He never backs down from a challenge. 11/10 you got this Bruce https://t.co/aI7umZHIq7,7.902771173469757e+17,4196983835.0,2016-10-23 19:42:02 +0000,"https://twitter.com/dog_rates/status/790277117346975746/photo/1,https://twitter.com/dog_rates/status/790277117346975746/photo/1",11,10,Bruce,,,,,,Labrador Retriever
85,812747805718642688,,,2016-12-24 19:52:31,Twitter for iPhone,"RT @dog_rates: Meet Sammy. At first I was like ""that's a snowflake. we only rate dogs,"" but he would've melted by now, so 10/10 https://t.c…",6.800554559518843e+17,4196983835.0,2015-12-24 16:00:30 +0000,https://twitter.com/dog_rates/status/680055455951884288/photo/1,10,10,Sammy,,,,,,
86,809808892968534016,,,2016-12-16 17:14:20,Twitter for iPhone,RT @dog_rates: This is Maximus. His face is stuck like that. Tragic really. Great tongue tho. 12/10 would pet firmly https://t.co/xIfrsMNLBR,7.93962221541933e+17,4196983835.0,2016-11-02 23:45:19 +0000,"https://twitter.com/dog_rates/status/793962221541933056/photo/1,https://twitter.com/dog_rates/status/793962221541933056/photo/1,https://twitter.com/dog_rates/status/793962221541933056/photo/1,https://twitter.com/dog_rates/status/793962221541933056/photo/1",12,10,Maximus,,,,,,Labrador Retriever
87,808134635716833280,,,2016-12-12 02:21:26,Twitter for iPhone,RT @dog_rates: This is Milo. I would do terrible things for Milo. 13/10 https://t.co/R6wJyC2Tey,8.01167903437357e+17,4196983835.0,2016-11-22 20:58:07 +0000,"https://twitter.com/dog_rates/status/801167903437357056/photo/1,https://twitter.com/dog_rates/status/801167903437357056/photo/1",13,10,Milo,,,,,,Cocker Spaniel
88,807059379405148160,,,2016-12-09 03:08:45,Twitter for iPhone,RT @dog_rates: This is Cali. She arrived preassembled. Convenient af. 12/10 appears to be rather h*ckin pettable https://t.co/vOBV1ZqVcX,7.829691400091075e+17,4196983835.0,2016-10-03 15:42:44 +0000,"https://twitter.com/dog_rates/status/782969140009107456/photo/1,https://twitter.com/dog_rates/status/782969140009107456/photo/1,https://twitter.com/dog_rates/status/782969140009107456/photo/1,https://twitter.com/dog_rates/status/782969140009107456/photo/1",12,10,Cali,,,,,,Golden Retriever
89,806620845233815552,,,2016-12-07 22:06:10,Twitter for iPhone,RT @dog_rates: Idk why this keeps happening. We only rate dogs. Not Bangladeshi Couch Chipmunks. Please only send dogs... 12/10 https://t.c…,7.815246933963571e+17,4196983835.0,2016-09-29 16:03:01 +0000,https://twitter.com/dog_rates/status/781524693396357120/photo/1,12,10,,,,,,,
90,806242860592926720,,,2016-12-06 21:04:11,Twitter for iPhone,RT @dog_rates: This is Dave. He's currently in a predicament. Doesn't seem to mind tho. 12/10 someone assist Dave https://t.co/nfprKAXqwu,7.833346399853896e+17,4196983835.0,2016-10-04 15:55:06 +0000,"https://twitter.com/dog_rates/status/783334639985389568/photo/1,https://twitter.com/dog_rates/status/783334639985389568/photo/1,https://twitter.com/dog_rates/status/783334639985389568/photo/1,https://twitter.com/dog_rates/status/783334639985389568/photo/1,https://twitter.com/dog_rates/status/783334639985389568/photo/1,https://twitter.com/dog_rates/status/783334639985389568/photo/1",12,10,Dave,,,,,,Cardigan
91,805958939288408065,,,2016-12-06 02:15:59,Twitter for iPhone,"RT @dog_rates: This is Penny. She fought a bee and the bee won. 10/10 you're fine Penny, everything's fine https://t.co/zrMVdfFej6",7.827225987907256e+17,4196983835.0,2016-10-02 23:23:04 +0000,"https://twitter.com/dog_rates/status/782722598790725632/photo/1,https://twitter.com/dog_rates/status/782722598790725632/photo/1",10,10,Penny,,,,,,Irish Setter
92,805823200554876929,,,2016-12-05 17:16:37,Twitter for iPhone,RT @dog_rates: This is Reginald. He's one magical puppo. Aerodynamic af. 12/10 would catch https://t.co/t0cEeRbcXJ,7.841831657956557e+17,4196983835.0,2016-10-07 00:06:50 +0000,"https://vine.co/v/5ghHLBMMdlV,https://vine.co/v/5ghHLBMMdlV",12,10,Reginald,,,,puppo,Puppo,
93,804413760345620481,,,2016-12-01 19:56:00,Twitter for iPhone,RT @dog_rates: This is Rusty. He's going D1 for sure. Insane vertical. 13/10 would draft https://t.co/AsykOwMrXQ,7.848260202937098e+17,4196983835.0,2016-10-08 18:41:19 +0000,"https://twitter.com/dog_rates/status/784826020293709826/photo/1,https://twitter.com/dog_rates/status/784826020293709826/photo/1",13,10,Rusty,,,,,,Chow
94,803692223237865472,,,2016-11-29 20:08:52,Twitter for iPhone,RT @dog_rates: I present to you... Dog Jesus. 13/10 (he could be sitting on a rock but I doubt it) https://t.co/fR1P3g5I6k,6.914168664520827e+17,4196983835.0,2016-01-25 00:26:41 +0000,"https://twitter.com/dog_rates/status/691416866452082688/photo/1,https://twitter.com/dog_rates/status/691416866452082688/photo/1",13,10,,,,,,,Lakeland Terrier
95,803321560782307329,,,2016-11-28 19:35:59,Twitter for iPhone,RT @dog_rates: This is Philbert. His toilet broke and he doesn't know what to do. Trying not to panic. 11/10 furustrated af https://t.co/Nb…,7.677549302664643e+17,4196983835.0,2016-08-22 16:06:54 +0000,https://twitter.com/dog_rates/status/767754930266464257/photo/1,11,10,Philbert,,,,,,
96,802624713319034886,,,2016-11-26 21:26:58,Twitter for iPhone,"RT @dog_rates: ""Yep... just as I suspected. You're not flossing."" 12/10 and 11/10 for the pup not flossing https://t.co/SuXcI9B7pQ",7.776842335402066e+17,4196983835.0,2016-09-19 01:42:24 +0000,"https://twitter.com/dog_rates/status/777684233540206592/photo/1,https://twitter.com/dog_rates/status/777684233540206592/photo/1",12,10,,,,,,,Cocker Spaniel
97,802247111496568832,,,2016-11-25 20:26:31,Twitter for iPhone,RT @dog_rates: Everybody drop what you're doing and look at this dog. 13/10 must be super h*ckin rare https://t.co/I1bJUzUEW5,7.790560957887529e+17,4196983835.0,2016-09-22 20:33:42 +0000,"https://twitter.com/dog_rates/status/779056095788752897/photo/1,https://twitter.com/dog_rates/status/779056095788752897/photo/1,https://twitter.com/dog_rates/status/779056095788752897/photo/1,https://twitter.com/dog_rates/status/779056095788752897/photo/1",13,10,,,,,,,Chihuahua
98,802185808107208704,,,2016-11-25 16:22:55,Twitter for iPhone,"RT @ChinoChinako: They're good products, Brent

Mug holds drinks; hoodie is comfy af. 13/10 

Puppy Aika h*cking agrees. @dog_rates https:/…",8.000650281163858e+17,24885566.0,2016-11-19 19:55:41 +0000,"https://twitter.com/ChinoChinako/status/800065028116385792/photo/1,https://twitter.com/ChinoChinako/status/800065028116385792/photo/1,https://twitter.com/ChinoChinako/status/800065028116385792/photo/1",13,10,,,,,,,
99,801127390143516673,,,2016-11-22 18:17:08,Twitter for iPhone,RT @dog_rates: This is Anakin. He strives to reach his full doggo potential. Born with blurry tail tho. 11/10 would still pet well https://…,7.75733305207554e+17,4196983835.0,2016-09-13 16:30:07 +0000,https://twitter.com/dog_rates/status/775733305207554048/photo/1,11,10,Anakin,doggo,,,,Doggo,
100,800855607700029440,,,2016-11-22 00:17:10,Twitter for iPhone,RT @Lin_Manuel: 11/10 would recommend. https://t.co/pnUF69K4xk,8.008540229702861e+17,79923701.0,2016-11-22 00:10:52 +0000,"https://twitter.com/littlewiewel/status/800852955880628224,https://twitter.com/littlewiewel/status/800852955880628224",11,10,,,,,,,
101,800443802682937345,,,2016-11-20 21:00:48,Twitter for iPhone,RT @dog_rates: This is Sampson. He's about to get hit with a vicious draw 2. Has no idea. 11/10 poor pupper https://t.co/FYT9QBEnKG,7.761133056561889e+17,4196983835.0,2016-09-14 17:40:06 +0000,"https://twitter.com/dog_rates/status/776113305656188928/photo/1,https://twitter.com/dog_rates/status/776113305656188928/photo/1",11,10,Sampson,,,pupper,,Pupper,
102,800188575492947969,,,2016-11-20 04:06:37,Twitter for iPhone,RT @dog_rates: This is Bo. He's a Benedoop Cumbersnatch. Seems frustrated with own feet. Portable as hell. 11/10 very solid pupper https://…,6.816940855398728e+17,4196983835.0,2015-12-29 04:31:49 +0000,https://twitter.com/dog_rates/status/681694085539872773/photo/1,11,10,Bo,,,pupper,,Pupper,
103,799774291445383169,,,2016-11-19 00:40:24,Twitter for iPhone,RT @dog_rates: This is Tucker. He would like a hug. 13/10 someone hug him https://t.co/wdgY9oHPrT,7.750851326004429e+17,4196983835.0,2016-09-11 21:34:30 +0000,"https://twitter.com/dog_rates/status/775085132600442880/photo/1,https://twitter.com/dog_rates/status/775085132600442880/photo/1",13,10,Tucker,,,,,,Chow
104,799308762079035393,,,2016-11-17 17:50:33,Twitter for iPhone,RT @dog_rates: I WAS SENT THE ACTUAL DOG IN THE PROFILE PIC BY HIS OWNER THIS IS SO WILD. 14/10 ULTIMATE LEGEND STATUS https://t.co/7oQ1wpf…,7.74314403806253e+17,4196983835.0,2016-09-09 18:31:54 +0000,"https://twitter.com/dog_rates/status/774314403806253056/photo/1,https://twitter.com/dog_rates/status/774314403806253056/photo/1,https://twitter.com/dog_rates/status/774314403806253056/photo/1,https://twitter.com/dog_rates/status/774314403806253056/photo/1",14,10,,,,,,,
105,798705661114773508,,,2016-11-16 01:54:03,Twitter for iPhone,"RT @dog_rates: Meet Baloo. He's expecting a fast ground ball, hence the wide stance. Prepared af. 11/10 nothing runs like a pupper https://…",7.406769760217989e+17,4196983835.0,2016-06-08 22:48:46 +0000,https://twitter.com/dog_rates/status/740676976021798912/photo/1,11,10,Baloo,,,pupper,,Pupper,
106,798701998996647937,,,2016-11-16 01:39:30,Twitter for iPhone,RT @dog_rates: We normally don't rate marshmallows but this one appears to be flawlessly toasted so I'll make an exception. 10/10 https://t…,7.18631497683583e+17,4196983835.0,2016-04-09 02:47:55 +0000,https://twitter.com/dog_rates/status/718631497683582976/photo/1,10,10,,,,,,,
107,798697898615730177,,,2016-11-16 01:23:12,Twitter for iPhone,RT @dog_rates: This is Stubert. He just arrived. 10/10 https://t.co/HVGs5aAKAn,7.128090259859784e+17,4196983835.0,2016-03-24 01:11:29 +0000,"https://twitter.com/dog_rates/status/712809025985978368/photo/1,https://twitter.com/dog_rates/status/712809025985978368/photo/1",10,10,Stubert,,,,,,Labrador Retriever
108,798694562394996736,,,2016-11-16 01:09:57,Twitter for iPhone,"RT @dog_rates: I'm not sure what's happening here, but it's pretty spectacular. 12/10 for both https://t.co/JKXh0NbBNL",7.012147008817562e+17,4196983835.0,2016-02-21 01:19:47 +0000,"https://twitter.com/dog_rates/status/701214700881756160/photo/1,https://twitter.com/dog_rates/status/701214700881756160/photo/1",12,10,,,,,,,Chihuahua
109,798686750113755136,,,2016-11-16 00:38:54,Twitter for iPhone,"RT @dog_rates: Say hello to Jack (pronounced ""Kevin""). He's a Virgo Episcopalian. Can summon rainbows. 11/10 magical as hell https://t.co/Y…",6.833918525575619e+17,4196983835.0,2016-01-02 20:58:09 +0000,https://twitter.com/dog_rates/status/683391852557561860/photo/1,11,10,Jack,,,,,,
110,798682547630837760,,,2016-11-16 00:22:12,Twitter for iPhone,RT @dog_rates: Here we see a rare pouched pupper. Ample storage space. Looks alert. Jumps at random. Kicked open that door. 8/10 https://t.…,6.769365419361853e+17,4196983835.0,2015-12-16 01:27:03 +0000,https://twitter.com/dog_rates/status/676936541936185344/photo/1,8,10,,,,pupper,,Pupper,
111,798673117451325440,,,2016-11-15 23:44:44,Twitter for iPhone,"RT @dog_rates: I shall call him squishy and he shall be mine, and he shall be my squishy. 13/10 https://t.co/WId5lxNdPH",6.755010759574897e+17,4196983835.0,2015-12-12 02:23:01 +0000,"https://twitter.com/dog_rates/status/675501075957489664/photo/1,https://twitter.com/dog_rates/status/675501075957489664/photo/1",13,10,,,,,,,
112,798665375516884993,,,2016-11-15 23:13:58,Twitter for iPhone,RT @dog_rates: This is Lola. She fell asleep on a piece of pizza. 10/10 frighteningly relatable https://t.co/eqmkr2gmPH,6.718968093007094e+17,4196983835.0,2015-12-02 03:40:57 +0000,"https://twitter.com/dog_rates/status/671896809300709376/photo/1,https://twitter.com/dog_rates/status/671896809300709376/photo/1",10,10,Lola,,,,,,Chow
113,798644042770751489,,,2016-11-15 21:49:12,Twitter for iPhone,RT @dog_rates: This is Paull. He just stubbed his toe. 10/10 deep breaths Paull https://t.co/J5Mqn8VeYq,6.704449556561306e+17,4196983835.0,2015-11-28 03:31:48 +0000,"https://twitter.com/dog_rates/status/670444955656130560/photo/1,https://twitter.com/dog_rates/status/670444955656130560/photo/1",10,10,Paull,,,,,,English Springer
114,798628517273620480,,,2016-11-15 20:47:30,Twitter for iPhone,RT @dog_rates: This a Norwegian Pewterschmidt named Tickles. Ears for days. 12/10 I care deeply for Tickles https://t.co/0aDF62KVP7,6.67509364010451e+17,4196983835.0,2015-11-20 01:06:48 +0000,"https://twitter.com/dog_rates/status/667509364010450944/photo/1,https://twitter.com/dog_rates/status/667509364010450944/photo/1",12,10,,,,,,,Beagle
115,798585098161549313,,,2016-11-15 17:54:59,Twitter for iPhone,RT @dog_rates: This is Timison. He just told an awful joke but is still hanging on to the hope that you'll laugh with him. 10/10 https://t.…,6.671827920700621e+17,4196983835.0,2015-11-19 03:29:07 +0000,https://twitter.com/dog_rates/status/667182792070062081/photo/1,10,10,Timison,,,,,,
116,798576900688019456,,,2016-11-15 17:22:24,Twitter for iPhone,RT @dog_rates: Not familiar with this breed. No tail (weird). Only 2 legs. Doesn't bark. Surprisingly quick. Shits eggs. 1/10 https://t.co/…,6.661041332886651e+17,4196983835.0,2015-11-16 04:02:55 +0000,https://twitter.com/dog_rates/status/666104133288665088/photo/1,1,10,,,,,,,
117,798340744599797760,,,2016-11-15 01:44:00,Twitter for iPhone,RT @dog_rates: This is Davey. He'll have your daughter home by 8. Just a stand up pup. 11/10 would introduce to mom https://t.co/E6bGWf9EOm,7.717704565170094e+17,4196983835.0,2016-09-02 18:03:10 +0000,"https://twitter.com/dog_rates/status/771770456517009408/photo/1,https://twitter.com/dog_rates/status/771770456517009408/photo/1",11,10,Davey,,,,,,Papillon
118,796904159865868288,,,2016-11-11 02:35:32,Twitter for iPhone,RT @dog_rates: This is Tyrone. He's a leaf wizard. Self-motivated. No eyes (tragic). Inspirational af. 11/10 enthusiasm is tangible https:/…,6.8731730631424e+17,4196983835.0,2016-01-13 16:56:30 +0000,"https://twitter.com/dog_rates/status/687317306314240000/photo/1,https://twitter.com/dog_rates/status/687317306314240000/photo/1",11,10,Tyrone,,,,,,
119,796563435802726400,,,2016-11-10 04:01:37,Twitter for iPhone,RT @dog_rates: I want to finally rate this iconic puppo who thinks the parade is all for him. 13/10 would absolutely attend https://t.co/5d…,7.809316141509837e+17,4196983835.0,2016-09-28 00:46:20 +0000,https://twitter.com/dog_rates/status/780931614150983680/photo/1,13,10,,,,,puppo,Puppo,
120,796177847564038144,,,2016-11-09 02:29:25,Twitter for iPhone,RT @dog_rates: This is Ruby. She just turned on the news. Officially terrified. 11/10 deep breaths Ruby https://t.co/y5KarNXWXt,7.961497490868756e+17,4196983835.0,2016-11-09 00:37:46 +0000,"https://twitter.com/dog_rates/status/796149749086875649/photo/1,https://twitter.com/dog_rates/status/796149749086875649/photo/1,https://twitter.com/dog_rates/status/796149749086875649/photo/1,https://twitter.com/dog_rates/status/796149749086875649/photo/1",11,10,Ruby,,,,,,Golden Retriever
121,794983741416415232,,,2016-11-05 19:24:28,Twitter for iPhone,RT @dog_rates: This is Rizzy. She smiles a lot. 12/10 contagious af https://t.co/TU4sZogVIq,7.895308770133934e+17,4196983835.0,2016-10-21 18:16:44 +0000,"https://twitter.com/dog_rates/status/789530877013393408/photo/1,https://twitter.com/dog_rates/status/789530877013393408/photo/1,https://twitter.com/dog_rates/status/789530877013393408/photo/1,https://twitter.com/dog_rates/status/789530877013393408/photo/1,https://twitter.com/dog_rates/status/789530877013393408/photo/1,https://twitter.com/dog_rates/status/789530877013393408/photo/1",12,10,Rizzy,,,,,,Schipperke
122,794355576146903043,,,2016-11-04 01:48:22,Twitter for iPhone,RT @dog_rates: This is Butter. She can have whatever she wants forever. 12/10 would hug softly https://t.co/x5gXRS1abq,7.887659149929021e+17,4196983835.0,2016-10-19 15:37:03 +0000,"https://twitter.com/dog_rates/status/788765914992902144/photo/1,https://twitter.com/dog_rates/status/788765914992902144/photo/1",12,10,Butter,,,,,,Cocker Spaniel
123,793614319594401792,,,2016-11-02 00:42:53,Twitter for iPhone,RT @dog_rates: When she says you're a good boy and you know you're a good boy because you're a good boy. 13/10 https://t.co/O5IUmRHRIh,7.916723228476375e+17,4196983835.0,2016-10-27 16:06:04 +0000,"https://twitter.com/dog_rates/status/791672322847637504/photo/1,https://twitter.com/dog_rates/status/791672322847637504/photo/1",13,10,,,,,,,Golden Retriever
124,791821351946420224,,,2016-10-28 01:58:16,Twitter for iPhone,RT @dog_rates: This little fella really hates stairs. Prefers bush. 13/10 legendary pupper https://t.co/e3LPMAHj7p,6.848309826592809e+17,4196983835.0,2016-01-06 20:16:44 +0000,"https://vine.co/v/eEZXZI1rqxX,https://vine.co/v/eEZXZI1rqxX",13,10,,,,pupper,,Pupper,
125,791784077045166082,,,2016-10-27 23:30:09,Twitter for iPhone,RT @dog_rates: I'm not sure what this dog is doing but it's pretty inspirational. 12/10 https://t.co/4Kn9GEHXiE,6.820880793022136e+17,4196983835.0,2015-12-30 06:37:25 +0000,"https://vine.co/v/iqMjlxULzbn,https://vine.co/v/iqMjlxULzbn",12,10,,,,,,,
126,791780927877898241,,,2016-10-27 23:17:38,Twitter for iPhone,RT @dog_rates: This is Maddie. She gets some wicked air time. Hardcore barkour. 11/10 nimble af https://t.co/bROYbceZ1u,7.467577061161124e+17,4196983835.0,2016-06-25 17:31:25 +0000,"https://vine.co/v/5BYq6hmrEI3,https://vine.co/v/5BYq6hmrEI3",11,10,Maddie,,,,,,
127,791026214425268224,,,2016-10-25 21:18:40,Twitter for iPhone,RT @dog_rates: This is Alfie. He's touching a butt. Couldn't be happier. 11/10 https://t.co/gx3xF5mZbo,7.638375655647805e+17,4196983835.0,2016-08-11 20:40:41 +0000,"https://twitter.com/dog_rates/status/763837565564780549/photo/1,https://twitter.com/dog_rates/status/763837565564780549/photo/1",11,10,Alfie,,,,,,Malamute
128,790723298204217344,,,2016-10-25 01:14:59,Twitter for iPhone,RT @dog_rates: This is Happy. He's a bathtub reviewer. Seems to be pleased with this one. 12/10 https://t.co/Ln89R4FP7v,7.899864660510884e+17,4196983835.0,2016-10-23 00:27:05 +0000,"https://twitter.com/dog_rates/status/789986466051088384/photo/1,https://twitter.com/dog_rates/status/789986466051088384/photo/1",12,10,Happy,,,,,,Golden Retriever
129,790227638568808452,,,2016-10-23 16:25:25,Twitter for iPhone,RT @dog_rates: This is Leela. She's a Fetty Woof. Lost eye while saving a baby from an avalanche. 11/10 true h*ckin hero https://t.co/2lBg3…,7.626998581301166e+17,4196983835.0,2016-08-08 17:19:51 +0000,https://twitter.com/dog_rates/status/762699858130116608/photo/1,11,10,Leela,,,,,,
130,789960241177853952,,,2016-10-22 22:42:52,Twitter for iPhone,RT @dog_rates: This is Buddy. His father was a bear and his mother was a perfectly toasted marshmallow. 12/10 would snug so well https://t.…,7.624645393884856e+17,4196983835.0,2016-08-08 01:44:46 +0000,"https://twitter.com/dog_rates/status/762464539388485633/photo/1,https://twitter.com/dog_rates/status/762464539388485633/photo/1,https://twitter.com/dog_rates/status/762464539388485633/photo/1,https://twitter.com/dog_rates/status/762464539388485633/photo/1",12,10,Buddy,,,,,,
131,789280767834746880,,,2016-10-21 01:42:53,Twitter for iPhone,RT @dog_rates: This is Meyer. He has to hold somebody's hand during car rides. He's also wearing a seatbelt. 12/10 responsible af https://t…,7.507196325631427e+17,4196983835.0,2016-07-06 15:54:42 +0000,https://twitter.com/dog_rates/status/750719632563142656/photo/1,12,10,Meyer,,,,,,
132,788552643979468800,,,2016-10-19 01:29:35,Twitter for iPhone,RT @dog_rates: Say hello to mad pupper. You know what you did. 13/10 would pet until no longer furustrated https://t.co/u1ulQ5heLX,7.36392552031658e+17,4196983835.0,2016-05-28 03:04:00 +0000,"https://vine.co/v/iEggaEOiLO3,https://vine.co/v/iEggaEOiLO3",13,10,,,,pupper,,Pupper,
133,788070120937619456,,,2016-10-17 17:32:13,Twitter for iPhone,RT @dog_rates: This is Bo and Ty. Bo eats paper and Ty felt left out. 11/10 for both https://t.co/1acHQS8rvK,7.610045478505308e+17,4196983835.0,2016-08-04 01:03:17 +0000,"https://twitter.com/dog_rates/status/761004547850530816/photo/1,https://twitter.com/dog_rates/status/761004547850530816/photo/1",11,10,Bo,,,,,,Golden Retriever
134,787111942498508800,,,2016-10-15 02:04:45,Twitter for iPhone,RT @dog_rates: This is Carl. He's very powerful. 12/10 don't mess with Carl https://t.co/v5m2bIukXc,7.529324327441859e+17,4196983835.0,2016-07-12 18:27:35 +0000,"https://vine.co/v/OEppMFbejFz,https://vine.co/v/OEppMFbejFz",12,10,Carl,,,,,,
135,786729988674449408,,,2016-10-14 00:47:00,Twitter for iPhone,RT @dog_rates: This is Oakley. He has no idea what happened here. Even offered to help clean it up. 11/10 such a heckin good boy https://t.…,7.594476815971082e+17,4196983835.0,2016-07-30 17:56:51 +0000,https://twitter.com/dog_rates/status/759447681597108224/photo/1,11,10,Oakley,,,,,,
136,786036967502913536,,,2016-10-12 02:53:11,Twitter for iPhone,RT @dog_rates: This is Scout. He really wants to kiss himself. H*ckin inappropriate. 11/10 narcissistic af https://t.co/x0gV2Ck3AD,7.798343325968876e+17,4196983835.0,2016-09-25 00:06:08 +0000,"https://twitter.com/dog_rates/status/779834332596887552/photo/1,https://twitter.com/dog_rates/status/779834332596887552/photo/1,https://twitter.com/dog_rates/status/779834332596887552/photo/1,https://twitter.com/dog_rates/status/779834332596887552/photo/1,https://twitter.com/dog_rates/status/779834332596887552/photo/1,https://twitter.com/dog_rates/status/779834332596887552/photo/1,https://twitter.com/dog_rates/status/779834332596887552/photo/1,https://twitter.com/dog_rates/status/779834332596887552/photo/1",11,10,Scout,,,,,,Golden Retriever
137,783347506784731136,,,2016-10-04 16:46:14,Twitter for iPhone,RT @dog_rates: This is Kenny. He just wants to be included in the happenings. 11/10 https://t.co/2S6oye3XqK,6.742918370630533e+17,4196983835.0,2015-12-08 18:17:56 +0000,"https://twitter.com/dog_rates/status/674291837063053312/photo/1,https://twitter.com/dog_rates/status/674291837063053312/photo/1",11,10,Kenny,,,,,,Cardigan
138,782021823840026624,,,2016-10-01 00:58:26,Twitter for iPhone,RT @dog_rates: This is Harper. She scraped her elbow attempting a backflip off a tree. Valiant effort tho. 12/10 https://t.co/oHKJHghrp5,7.076109487234785e+17,4196983835.0,2016-03-09 16:56:11 +0000,"https://twitter.com/dog_rates/status/707610948723478529/photo/1,https://twitter.com/dog_rates/status/707610948723478529/photo/1",12,10,Harper,,,,,,Golden Retriever
139,780496263422808064,,,2016-09-26 19:56:24,Twitter for iPhone,RT @dog_rates: This is Bell. She likes holding hands. 12/10 would definitely pet with other hand https://t.co/BXIuvkQO9b,7.424231704734638e+17,4196983835.0,2016-06-13 18:27:32 +0000,"https://twitter.com/dog_rates/status/742423170473463808/photo/1,https://twitter.com/dog_rates/status/742423170473463808/photo/1",12,10,Bell,,,,,,Pug
140,780476555013349377,,,2016-09-26 18:38:05,Twitter for iPhone,"RT @Patreon: Well. @dog_rates is on Patreon. 

12/10. 

https://t.co/rnKvzt6RJs https://t.co/v4e2ywe8iO",7.804657092979958e+17,1228325660.0,2016-09-26 17:55:00 +0000,"https://www.patreon.com/WeRateDogs,https://twitter.com/Patreon/status/780465709297995776/photo/1,https://www.patreon.com/WeRateDogs,https://twitter.com/Patreon/status/780465709297995776/photo/1",12,10,,,,,,,Pug
141,780092040432480260,,,2016-09-25 17:10:10,Twitter for iPhone,RT @dog_rates: This is Hank. He's mischievous af. Doesn't even know what he was trying to do here. 8/10 quit the shit Hank damn https://t.c…,7.533756688770089e+17,4196983835.0,2016-07-13 23:48:51 +0000,https://twitter.com/dog_rates/status/753375668877008896/photo/1,8,10,Hank,,,,,,
142,779124354206535695,,,2016-09-23 01:04:56,Twitter for iPhone,RT @dog_rates: Meet Hurley. He's the curly one. He hugs every other dog he sees during his walk. 11/10 for spreading the love https://t.co/…,6.794628231356867e+17,4196983835.0,2015-12-23 00:45:35 +0000,https://twitter.com/dog_rates/status/679462823135686656/photo/1,11,10,Hurley,,,,,,
143,778774459159379968,,,2016-09-22 01:54:34,Twitter for iPhone,RT @dog_rates: In case you haven't seen the most dramatic sneeze ever... 13/10 https://t.co/iy7ylyZcsE,7.580996357643592e+17,4196983835.0,2016-07-27 00:40:12 +0000,"https://vine.co/v/hQJbaj1VpIz,https://vine.co/v/hQJbaj1VpIz",13,10,,,,,,,
144,778396591732486144,,,2016-09-21 00:53:04,Twitter for iPhone,RT @dog_rates: This is an East African Chalupa Seal. We only rate dogs. Please only send in dogs. Thank you... 10/10 https://t.co/iHe6liLwWR,7.030419496500347e+17,4196983835.0,2016-02-26 02:20:37 +0000,"https://twitter.com/dog_rates/status/703041949650034688/photo/1,https://twitter.com/dog_rates/status/703041949650034688/photo/1",10,10,,,,,,,
145,777953400541634568,,,2016-09-19 19:31:59,Twitter for iPhone,RT @dog_rates: Meet Gerald. He's a fairly exotic doggo. Floofy af. Inadequate knees tho. Self conscious about large forehead. 8/10 https://…,7.681934045178307e+17,4196983835.0,2016-08-23 21:09:14 +0000,https://twitter.com/dog_rates/status/768193404517830656/photo/1,8,10,Gerald,doggo,,,,Doggo,
146,777641927919427584,,,2016-09-18 22:54:18,Twitter for iPhone,RT @dog_rates: This is Arnie. He's a Nova Scotian Fridge Floof. Rare af. 12/10 https://t.co/lprdOylVpS,7.50429297815552e+17,4196983835.0,2016-07-05 20:41:01 +0000,"https://twitter.com/dog_rates/status/750429297815552001/photo/1,https://twitter.com/dog_rates/status/750429297815552001/photo/1,https://twitter.com/dog_rates/status/750429297815552001/photo/1,https://twitter.com/dog_rates/status/750429297815552001/photo/1",12,10,Arnie,,,,,,Golden Retriever
147,776819012571455488,,,2016-09-16 16:24:19,Twitter for iPhone,RT @dog_rates: Everybody look at this beautiful pupper 13/10 https://t.co/hyAC5Hq9GC,6.798284471878574e+17,4196983835.0,2015-12-24 00:58:27 +0000,"https://twitter.com/dog_rates/status/679828447187857408/photo/1,https://twitter.com/dog_rates/status/679828447187857408/photo/1,https://twitter.com/dog_rates/status/679828447187857408/photo/1,https://twitter.com/dog_rates/status/679828447187857408/photo/1,https://twitter.com/dog_rates/status/679828447187857408/photo/1,https://twitter.com/dog_rates/status/679828447187857408/photo/1",13,10,,,,pupper,,Pupper,Chihuahua
148,776249906839351296,,,2016-09-15 02:42:54,Twitter for iPhone,RT @dog_rates: We only rate dogs. Pls stop sending in non-canines like this Mongolian grass snake. This is very frustrating. 11/10 https://…,7.007477885150208e+17,4196983835.0,2016-02-19 18:24:26 +0000,https://twitter.com/dog_rates/status/700747788515020802/photo/1,11,10,,,,,,,
149,775898661951791106,,,2016-09-14 03:27:11,Twitter for iPhone,"RT @dog_rates: Like father (doggo), like son (pupper). Both 12/10 https://t.co/pG2inLaOda",7.33109485275861e+17,4196983835.0,2016-05-19 01:38:16 +0000,"https://twitter.com/dog_rates/status/733109485275860992/photo/1,https://twitter.com/dog_rates/status/733109485275860992/photo/1",12,10,,doggo,,pupper,,Doggo,Golden Retriever
150,775096608509886464,,,2016-09-11 22:20:06,Twitter for iPhone,"RT @dog_rates: After so many requests, this is Bretagne. She was the last surviving 9/11 search dog, and our second ever 14/10. RIP https:/…",7.40373189193257e+17,4196983835.0,2016-06-08 02:41:38 +0000,"https://twitter.com/dog_rates/status/740373189193256964/photo/1,https://twitter.com/dog_rates/status/740373189193256964/photo/1,https://twitter.com/dog_rates/status/740373189193256964/photo/1,https://twitter.com/dog_rates/status/740373189193256964/photo/1",9,11,,,,,,,
151,773336787167145985,,,2016-09-07 01:47:12,Twitter for iPhone,RT @dog_rates: Meet Fizz. She thinks love is a social construct consisting solely of ideals perpetuated by mass media 11/10 woke af https:/…,7.713807980962816e+17,4196983835.0,2016-09-01 16:14:48 +0000,"https://twitter.com/dog_rates/status/771380798096281600/photo/1,https://twitter.com/dog_rates/status/771380798096281600/photo/1,https://twitter.com/dog_rates/status/771380798096281600/photo/1,https://twitter.com/dog_rates/status/771380798096281600/photo/1",11,10,Fizz,,,,,,
152,772615324260794368,,,2016-09-05 02:00:22,Twitter for iPhone,RT @dog_rates: This is Gromit. He's pupset because there's no need to beware of him. Just wants a pettin. 10/10 https://t.co/eSvz4EapHH,7.652220986336911e+17,4196983835.0,2016-08-15 16:22:20 +0000,"https://twitter.com/dog_rates/status/765222098633691136/photo/1,https://twitter.com/dog_rates/status/765222098633691136/photo/1",10,10,Gromit,,,,,,Dalmatian
153,771171053431250945,,,2016-09-01 02:21:21,Twitter for iPhone,RT @dog_rates: This is Frankie. He's wearing blush. 11/10 really accents the cheek bones https://t.co/iJABMhVidf,6.733201328113664e+17,4196983835.0,2015-12-06 01:56:44 +0000,"https://twitter.com/dog_rates/status/673320132811366400/photo/1,https://twitter.com/dog_rates/status/673320132811366400/photo/1,https://twitter.com/dog_rates/status/673320132811366400/photo/1,https://twitter.com/dog_rates/status/673320132811366400/photo/1,https://twitter.com/dog_rates/status/673320132811366400/photo/1,https://twitter.com/dog_rates/status/673320132811366400/photo/1,https://twitter.com/dog_rates/status/673320132811366400/photo/1,https://twitter.com/dog_rates/status/673320132811366400/photo/1",11,10,Frankie,,,,,,Samoyed
154,771004394259247104,,,2016-08-31 15:19:06,Twitter for iPhone,RT @katieornah: @dog_rates learning a lot at college 12/10 for my professor thank u for the pupper slides https://t.co/nTFDr99hg0,7.710021304507433e+17,1732729088.0,2016-08-31 15:10:07 +0000,"https://twitter.com/katieornah/status/771002130450743296/photo/1,https://twitter.com/katieornah/status/771002130450743296/photo/1",12,10,,,,pupper,,Pupper,
155,770743923962707968,,,2016-08-30 22:04:05,Twitter for iPhone,RT @dog_rates: Here's a doggo blowing bubbles. It's downright legendary. 13/10 would watch on repeat forever (vid by Kent Duryee) https://t…,7.392381577916948e+17,4196983835.0,2016-06-04 23:31:25 +0000,https://twitter.com/dog_rates/status/739238157791694849/video/1,13,10,,doggo,,,,Doggo,
156,770093767776997377,,,2016-08-29 03:00:36,Twitter for iPhone,RT @dog_rates: This is just downright precious af. 12/10 for both pupper and doggo https://t.co/o5J479bZUC,7.410673068187976e+17,4196983835.0,2016-06-10 00:39:48 +0000,"https://twitter.com/dog_rates/status/741067306818797568/photo/1,https://twitter.com/dog_rates/status/741067306818797568/photo/1",12,10,,doggo,,pupper,,Doggo,Golden Retriever
157,769335591808995329,,,2016-08-27 00:47:53,Twitter for iPhone,RT @dog_rates: Ever seen a dog pet another dog? Both 13/10 truly an awe-inspiring scene. (Vid by @mdougherty20) https://t.co/3PoKf6cw7f,7.069045238146499e+17,4196983835.0,2016-03-07 18:09:06 +0000,"https://vine.co/v/iXQAm5Lrgrh,https://vine.co/v/iXQAm5Lrgrh",13,10,,,,,,,
158,768909767477751808,,,2016-08-25 20:35:48,Twitter for iPhone,RT @dog_rates: When it's Janet from accounting's birthday but you can't eat the cake cuz it's chocolate. 10/10 hang in there pupper https:/…,7.001437520531825e+17,4196983835.0,2016-02-18 02:24:13 +0000,https://twitter.com/dog_rates/status/700143752053182464/photo/1,10,10,,,,pupper,,Pupper,
159,768554158521745409,,,2016-08-24 21:02:45,Twitter for iPhone,RT @dog_rates: This is Nollie. She's waving at you. If you don't wave back you're a monster. She's also portable as hell. 12/10 https://t.c…,7.399791916392448e+17,4196983835.0,2016-06-07 00:36:02 +0000,https://twitter.com/dog_rates/status/739979191639244800/photo/1,12,10,Nollie,,,,,,
160,766864461642756096,,,2016-08-20 05:08:29,Twitter for iPhone,RT @dog_rates: We only rate dogs... this is a Taiwanese Guide Walrus. Im getting real heckin tired of this. Please send dogs. 10/10 https:/…,7.599237987370516e+17,4196983835.0,2016-08-01 01:28:46 +0000,https://twitter.com/dog_rates/status/759923798737051648/photo/1,10,10,,,,,,,
161,766078092750233600,,,2016-08-18 01:03:45,Twitter for iPhone,RT @dog_rates: This is Colby. He's currently regretting all those times he shook your hand for an extra treat. 12/10 https://t.co/vtVHtKFtBH,7.258422890467492e+17,4196983835.0,2016-04-29 00:21:01 +0000,"https://twitter.com/dog_rates/status/725842289046749185/photo/1,https://twitter.com/dog_rates/status/725842289046749185/photo/1",12,10,Colby,,,,,,Toy Poodle
162,763167063695355904,,,2016-08-10 00:16:21,Twitter for iPhone,RT @dog_rates: Meet Eve. She's a raging alcoholic 8/10 (would b 11/10 but pupper alcoholism is a tragic issue that I can't condone) https:/…,6.732952685536051e+17,4196983835.0,2015-12-06 00:17:55 +0000,https://twitter.com/dog_rates/status/673295268553605120/photo/1,8,10,Eve,,,pupper,,Pupper,
163,761750502866649088,,,2016-08-06 02:27:27,Twitter for iPhone,"RT @dog_rates: ""Tristan do not speak to me with that kind of tone or I will take away the Xbox."" 10/10 https://t.co/VGPH0TfESw",6.853251128501248e+17,4196983835.0,2016-01-08 05:00:14 +0000,"https://twitter.com/dog_rates/status/685325112850124800/photo/1,https://twitter.com/dog_rates/status/685325112850124800/photo/1",10,10,,,,,,,Golden Retriever
164,761371037149827077,,,2016-08-05 01:19:35,Twitter for iPhone,RT @dog_rates: Oh. My. God. 13/10 magical af https://t.co/Ezu6jQrKAZ,7.116947884295537e+17,4196983835.0,2016-03-20 23:23:54 +0000,"https://twitter.com/dog_rates/status/711694788429553666/photo/1,https://twitter.com/dog_rates/status/711694788429553666/photo/1",13,10,,,,,,,
165,760153949710192640,,,2016-08-01 16:43:19,Twitter for iPhone,"RT @hownottodraw: The story/person behind @dog_rates is heckin adorable af. 11/10, probably would pet. https://t.co/AG5UnRrmzJ",7.601538332596019e+17,195036846.0,2016-08-01 16:42:51 +0000,"https://weratedogs.com/pages/about-us,https://weratedogs.com/pages/about-us",11,10,,,,,,,
166,759566828574212096,,,2016-07-31 01:50:18,Twitter for iPhone,RT @dog_rates: This... is a Tyrannosaurus rex. We only rate dogs. Please only send in dogs. Thank you ...10/10 https://t.co/zxw8d5g94P,7.395440793195889e+17,4196983835.0,2016-06-05 19:47:03 +0000,"https://twitter.com/dog_rates/status/739544079319588864/photo/1,https://twitter.com/dog_rates/status/739544079319588864/photo/1",10,10,,,,,,,Labrador Retriever
167,759159934323924993,,,2016-07-29 22:53:27,Twitter for iPhone,"RT @dog_rates: AT DAWN...
WE RIDE

11/10 https://t.co/QnfO7HEQGA",6.703191306214359e+17,4196983835.0,2015-11-27 19:11:49 +0000,"https://twitter.com/dog_rates/status/670319130621435904/photo/1,https://twitter.com/dog_rates/status/670319130621435904/photo/1",11,10,,,,,,,Irish Terrier
168,757729163776290825,,,2016-07-26 00:08:05,Twitter for iPhone,RT @dog_rates: This is Chompsky. He lives up to his name. 11/10 https://t.co/Xl37lQEWd0,6.790626142704681e+17,4196983835.0,2015-12-21 22:15:18 +0000,"https://twitter.com/dog_rates/status/679062614270468097/photo/1,https://twitter.com/dog_rates/status/679062614270468097/photo/1,https://twitter.com/dog_rates/status/679062614270468097/photo/1,https://twitter.com/dog_rates/status/679062614270468097/photo/1",11,10,Chompsky,,,,,,Schipperke
169,757597904299253760,,,2016-07-25 15:26:30,Twitter for iPhone,RT @jon_hill987: @dog_rates There is a cunningly disguised pupper here mate! 11/10 at least. https://t.co/7boff8zojZ,7.575971410995487e+17,280479778.0,2016-07-25 15:23:28 +0000,"https://twitter.com/jon_hill987/status/757597141099548672/photo/1,https://twitter.com/jon_hill987/status/757597141099548672/photo/1",11,10,,,,pupper,,Pupper,
170,754874841593970688,,,2016-07-18 03:06:01,Twitter for iPhone,RT @dog_rates: This is Rubio. He has too much skin. 11/10 https://t.co/NLOHmlENag,6.791583739888763e+17,4196983835.0,2015-12-22 04:35:49 +0000,"https://twitter.com/dog_rates/status/679158373988876288/photo/1,https://twitter.com/dog_rates/status/679158373988876288/photo/1",11,10,Rubio,,,,,,Pug
171,753298634498793472,,,2016-07-13 18:42:44,Twitter for iPhone,RT @dog_rates: This is Carly. She's actually 2 dogs fused together. Very innovative. Probably has superpowers. 12/10 for double dog https:/…,6.815231776636764e+17,4196983835.0,2015-12-28 17:12:42 +0000,https://twitter.com/dog_rates/status/681523177663676416/photo/1,12,10,Carly,,,,,,
172,752701944171524096,,,2016-07-12 03:11:42,Twitter for iPhone,RT @dog_rates: HEY PUP WHAT'S THE PART OF THE HUMAN BODY THAT CONNECTS THE FOOT AND THE LEG? 11/10 so smart https://t.co/XQ1tRUmO3z,6.835159323633295e+17,4196983835.0,2016-01-03 05:11:12 +0000,"https://vine.co/v/ibvnzrauFuV,https://vine.co/v/ibvnzrauFuV",11,10,,,,,,,
173,752309394570878976,,,2016-07-11 01:11:51,Twitter for iPhone,RT @dog_rates: Everyone needs to watch this. 13/10 https://t.co/Bb3xnpsWBC,6.75354435921576e+17,4196983835.0,2015-12-11 16:40:19 +0000,"https://twitter.com/dog_rates/status/675354435921575936/video/1,https://twitter.com/dog_rates/status/675354435921575936/video/1",13,10,,,,,,,Golden Retriever
174,747242308580548608,,,2016-06-27 01:37:04,Twitter for iPhone,RT @dog_rates: This pupper killed this great white in an epic sea battle. Now wears it as a trophy. Such brave. Much fierce. 13/10 https://…,7.047611207714652e+17,4196983835.0,2016-03-01 20:11:59 +0000,"https://twitter.com/dog_rates/status/704761120771465216/photo/1,https://twitter.com/dog_rates/status/704761120771465216/photo/1",13,10,,,,pupper,,Pupper,
175,746521445350707200,,,2016-06-25 01:52:36,Twitter for iPhone,RT @dog_rates: This is Shaggy. He knows exactly how to solve the puzzle but can't talk. All he wants to do is help. 10/10 great guy https:/…,6.678667242938778e+17,4196983835.0,2015-11-21 00:46:50 +0000,https://twitter.com/dog_rates/status/667866724293877760/photo/1,10,10,Shaggy,,,,,,
176,743835915802583040,,,2016-06-17 16:01:16,Twitter for iPhone,RT @dog_rates: Extremely intelligent dog here. Has learned to walk like human. Even has his own dog. Very impressive 10/10 https://t.co/0Dv…,6.671382696715059e+17,4196983835.0,2015-11-19 00:32:12 +0000,https://twitter.com/dog_rates/status/667138269671505920/photo/1,10,10,,,,,,,
177,711998809858043904,,,2016-03-21 19:31:59,Twitter for iPhone,RT @twitter: @dog_rates Awesome Tweet! 12/10. Would Retweet. #LoveTwitter https://t.co/j6FQGhxYuN,7.119982797733478e+17,783214.0,2016-03-21 19:29:52 +0000,"https://twitter.com/twitter/status/711998279773347841/photo/1,https://twitter.com/twitter/status/711998279773347841/photo/1",12,10,,,,,,,Kuvasz
178,667550904950915073,,,2015-11-20 03:51:52,Twitter Web Client,"RT @dogratingrating: Exceptional talent. Original humor. Cutting edge, Nova Scotian comedian. 12/10 https://t.co/uarnTjBeVA",6.675486956640707e+17,4296831739.0,2015-11-20 03:43:06 +0000,"https://twitter.com/dogratingrating/status/667548695664070656/photo/1,https://twitter.com/dogratingrating/status/667548695664070656/photo/1",12,10,,,,,,,Vizsla
179,667550882905632768,,,2015-11-20 03:51:47,Twitter Web Client,RT @dogratingrating: Unoriginal idea. Blatant plagiarism. Curious grammar. -5/10 https://t.co/r7XzeQZWzb,6.67548415174144e+17,4296831739.0,2015-11-20 03:41:59 +0000,"https://twitter.com/dogratingrating/status/667548415174144001/photo/1,https://twitter.com/dogratingrating/status/667548415174144001/photo/1",5,10,,,,,,,
